2.69e-08,0.0039492,16360,90620,9640,5390,1.5989e+05,3000,16080,1.4681e+05,0.058928,-0.088098,-0.085423,-0.085381,-0.084936,-0,3.4871e-06,0,0.00064055,-0.0019589,0.0013105,6.9104e-09,-0.088098,0.00016978,11.821,-7.5,-0,-0,1,0.0022772,0.02005,2.0902e-05,0.02784,0.0025,-0.0029451,-0.0158,0.0432,-0.0469,0.015164,0.0048935,0.01,-0.047507,-98.5,0.0010078,0.014771,0.25,1.5e-06,-90.644,0.017,0.017,7.5,-0,-0,1,0.029,0.0022772,0.0049505,1.9002e-06,0.024,0.0025,0.00096904,0,0.014451,500.5,-41924,0.01,-0.064473,6.1e-08,0.00099796,0.0055278,0.00058804,0.00032879,0.004301,8.07e-05,0.00043255,3000,0.0001815,0.1,0.1,-60,0.1,0.1,1e+05,0.1,0.1,-75,0.1,0.25,0.25,0.25,1.5e-05,-6.8749e-07,4.0765e-05,-2.9353e-05,6.9741e-06,4.438e-06,-4.0765e-05,2.9353e-05,-6.9741e-06,128.06,-0.00013854,-0.060697,0.017529,77.134,-4.2798,-0.01,0.013265,-0.058675,0.0024486,1613.1,0.17,-0.19575,-0.04575,0.09575,9.8688e-05,0,0,0
2.6922e-08,0.0039492,16367,90652,9643.5,5392,1.5976e+05,2998.9,16067,1.4669e+05,0.058897,-0.088116,-0.085393,-0.085288,-0.084952,-0,2.637e-06,0,0.0006406,-0.0019587,0.0013115,6.8864e-09,-0.088105,0.00016941,11.827,-6.6186,2.2127e-07,1.0794e-05,1,0.0022767,0.020021,2.085e-05,0.027829,0.0025005,-0.0029758,-0.015741,0.0432,-0.046773,0.01446,0.0049248,0.0099988,-0.0474,-98.499,0.0010008,0.014705,0.25017,1.5116e-06,-90.642,0.016963,0.016963,6.6186,-2.2127e-07,-1.0794e-05,1,0.029,0.0022864,0.0049438,1.8951e-06,0.023984,0.0025001,0.00095313,0,0.014429,685.4,-40151,0.01002,-0.062372,6.0978e-08,0.00099801,0.0055278,0.00058805,0.00032879,0.004301,8.0736e-05,0.00043255,3000.2,0.00018133,0.099927,0.10002,-59.906,0.095091,0.099988,1e+05,0.099932,0.1,-73.143,0.1002,0.24977,0.24995,0.25011,1.5116e-05,1.0625e-07,3.9554e-05,-3.0262e-05,5.2739e-06,4.018e-06,-3.9554e-05,3.0262e-05,-5.2739e-06,127.64,-0.00014097,-0.060556,0.017499,79.077,-4.0575,-0.009988,0.014035,-0.056558,0.0024418,1536.3,0.16997,-0.19555,-0.045818,0.095718,9.6509e-05,0.0011996,0,0
2.6919e-08,0.0039492,16367,90647,9643.2,5391.8,1.5977e+05,3000.6,16068,1.4671e+05,0.058899,-0.0881,-0.085396,-0.085297,-0.084938,-0,2.8139e-06,0,0.00064072,-0.0019586,0.0013109,6.9047e-09,-0.088103,0.00016974,11.821,-5.7814,5.5314e-07,2.1586e-05,1,0.0022761,0.019992,2.0798e-05,0.027818,0.002501,-0.0030075,-0.01568,0.0432,-0.046644,0.01379,0.0049573,0.0099976,-0.04729,-98.499,0.00099376,0.014638,0.25035,1.523e-06,-90.641,0.016926,0.016926,5.7814,-5.5314e-07,-2.1586e-05,1,0.029,0.0022957,0.0049374,1.8902e-06,0.023968,0.0025001,0.00093799,0,0.014409,861.19,-38459,0.010041,-0.060369,6.0981e-08,0.00099805,0.0055277,0.00058805,0.0003288,0.0043009,8.0772e-05,0.00043254,3000.3,0.00018117,0.099855,0.10004,-59.809,0.090431,0.099976,1e+05,0.099866,0.10001,-71.372,0.10041,0.24953,0.24989,0.25023,1.523e-05,6.9579e-09,3.9225e-05,-2.9421e-05,5.6278e-06,4.1759e-06,-3.9225e-05,2.9421e-05,-5.6278e-06,127.86,-0.00013513,-0.060413,0.01747,80.902,-3.8463,-0.009976,0.014772,-0.054539,0.0024353,1463.1,0.16994,-0.19535,-0.045886,0.095687,9.4377e-05,0.0023992,0,0
2.6919e-08,0.0039492,16367,90646,9643.3,5391.9,1.5977e+05,3001.9,16068,1.4671e+05,0.058898,-0.088089,-0.085396,-0.085295,-0.084927,-0,2.8828e-06,0,0.00064083,-0.0019584,0.0013104,6.9183e-09,-0.088101,0.00016998,11.817,-4.9872,9.9233e-07,3.2375e-05,1,0.0022756,0.019963,2.0747e-05,0.027807,0.0025016,-0.0030403,-0.015619,0.0432,-0.046512,0.013154,0.0049908,0.0099964,-0.047179,-98.498,0.00098659,0.014569,0.25052,1.5341e-06,-90.64,0.016889,0.016889,4.9872,-9.9233e-07,-3.2375e-05,1,0.029,0.0023049,0.0049311,1.8855e-06,0.023953,0.0025002,0.00092358,0,0.014389,1028.1,-36848,0.010061,-0.058461,6.0981e-08,0.0009981,0.0055277,0.00058806,0.0003288,0.0043009,8.0806e-05,0.00043253,3000.5,0.00018101,0.099782,0.10006,-59.71,0.086012,0.099964,1e+05,0.099802,0.10001,-69.685,0.10061,0.2493,0.24983,0.25034,1.5341e-05,-2.0155e-10,3.8814e-05,-2.8776e-05,5.7656e-06,4.2719e-06,-3.8814e-05,2.8776e-05,-5.7656e-06,128.02,-0.0001303,-0.060268,0.017441,82.612,-3.646,-0.009964,0.015477,-0.052615,0.002429,1393.4,0.16991,-0.19515,-0.045954,0.095655,9.2291e-05,0.0035988,0,0
2.6918e-08,0.0039492,16370,90643,9643.7,5392.2,1.5977e+05,3007,16067,1.4671e+05,0.058893,-0.088044,-0.085395,-0.085284,-0.084887,-0,3.1172e-06,0,0.00064125,-0.0019578,0.0013088,6.9702e-09,-0.088095,0.00017094,11.801,-2.0792,3.7299e-06,7.694e-05,1,0.0022734,0.019846,2.0536e-05,0.027765,0.0025037,-0.0031853,-0.015357,0.0432,-0.045942,0.010813,0.0051393,0.0099915,-0.046698,-98.495,0.00095628,0.014275,0.25124,1.5777e-06,-90.634,0.016739,0.016739,2.0792,-3.7299e-06,-7.694e-05,1,0.029,0.0023432,0.0049074,1.8677e-06,0.023894,0.0025005,0.0008705,0,0.014313,1641.5,-30888,0.010145,-0.051401,6.0982e-08,0.00099829,0.0055276,0.00058809,0.00032883,0.0043007,8.0942e-05,0.0004325,3001.1,0.00018041,0.099485,0.10015,-59.285,0.069835,0.099915,1e+05,0.09956,0.10002,-63.443,0.10145,0.24833,0.24961,0.25082,1.5777e-05,-7.8203e-10,3.7162e-05,-2.6298e-05,6.2344e-06,4.6297e-06,-3.7162e-05,2.6298e-05,-6.2344e-06,128.57,-0.00011178,-0.059651,0.017321,88.698,-2.9113,-0.0099145,0.018112,-0.045491,0.0024051,1135.7,0.16978,-0.19433,-0.046233,0.095523,8.4103e-05,0.0085566,0,0
2.6918e-08,0.0039491,16373,90641,9644.2,5392.6,1.5976e+05,3011.6,16066,1.4671e+05,0.058887,-0.088003,-0.085393,-0.085273,-0.084849,-0,3.3214e-06,0,0.00064163,-0.0019572,0.0013073,7.0175e-09,-0.088088,0.00017182,11.786,0.25504,7.8673e-06,0.00012146,1,0.0022712,0.01973,2.0329e-05,0.027726,0.0025059,-0.0033464,-0.015084,0.0432,-0.045338,0.0089134,0.0053036,0.0099866,-0.046188,-98.492,0.00092517,0.013968,0.25196,1.6176e-06,-90.629,0.016591,0.016591,-0.25504,-7.8673e-06,-0.00012146,1,0.029,0.0023819,0.0048868,1.8523e-06,0.023844,0.0025008,0.00082713,0,0.014246,2139.1,-25999,0.01023,-0.045611,6.0982e-08,0.00099847,0.0055275,0.00058812,0.00032885,0.0043005,8.1067e-05,0.00043247,3001.7,0.0001799,0.099191,0.10023,-58.834,0.056831,0.099866,1e+05,0.099349,0.10003,-58.324,0.1023,0.24737,0.24938,0.25129,1.6176e-05,1.1283e-09,3.563e-05,-2.4033e-05,6.6427e-06,4.954e-06,-3.563e-05,2.4033e-05,-6.6427e-06,129.04,-9.5227e-05,-0.059006,0.017203,93.28,-2.3187,-0.0098651,0.020318,-0.039638,0.0023842,924.55,0.16965,-0.19352,-0.046509,0.09539,7.6614e-05,0.013514,0,0
2.6918e-08,0.0039491,16376,90638,9644.7,5393,1.5976e+05,3015.9,16065,1.4671e+05,0.058882,-0.087966,-0.085391,-0.085262,-0.084815,-0,3.5035e-06,0,0.00064199,-0.0019567,0.0013059,7.0608e-09,-0.088082,0.00017263,11.773,2.1071,1.3155e-05,0.00016594,1,0.002269,0.019615,2.0125e-05,0.027689,0.002508,-0.003523,-0.014801,0.0432,-0.044708,0.0073844,0.0054823,0.0099817,-0.045656,-98.489,0.00089377,0.013653,0.25268,1.6539e-06,-90.623,0.016445,0.016445,-2.1071,-1.3155e-05,-0.00016594,1,0.029,0.0024208,0.0048688,1.839e-06,0.023799,0.0025011,0.00079182,0,0.014189,2540.7,-22013,0.010314,-0.04089,6.0982e-08,0.00099864,0.0055273,0.00058816,0.00032888,0.0043004,8.1181e-05,0.00043244,3002.4,0.00017946,0.0989,0.10032,-58.364,0.046462,0.099817,1e+05,0.099163,0.10004,-54.15,0.10314,0.24641,0.24915,0.25176,1.6539e-05,9.6507e-11,3.4214e-05,-2.1957e-05,7.0069e-06,5.2505e-06,-3.4214e-05,2.1957e-05,-7.0069e-06,129.44,-8.044e-05,-0.058338,0.017087,96.615,-1.8441,-0.0098158,0.022162,-0.034855,0.0023659,752.62,0.16952,-0.1927,-0.046782,0.095256,6.978e-05,0.018472,0,0
2.6917e-08,0.0039491,16379,90636,9645.2,5393.4,1.5976e+05,3019.8,16064,1.4671e+05,0.058877,-0.087932,-0.08539,-0.085251,-0.084784,-0,3.6612e-06,0,0.00064231,-0.0019562,0.0013047,7.1003e-09,-0.088076,0.00017337,11.76,3.564,1.9356e-05,0.00021037,1,0.0022668,0.019502,1.9926e-05,0.027655,0.0025101,-0.0037144,-0.014513,0.0432,-0.044059,0.0061572,0.0056738,0.0099768,-0.045108,-98.486,0.00086254,0.013334,0.25339,1.687e-06,-90.618,0.016302,0.016302,-3.564,-1.9356e-05,-0.00021037,1,0.029,0.0024599,0.0048529,1.8273e-06,0.02376,0.0025014,0.00076306,0,0.014138,2864.3,-18768,0.010398,-0.037046,6.0983e-08,0.00099881,0.0055272,0.00058819,0.0003289,0.0043002,8.1285e-05,0.0004324,3003,0.0001791,0.098613,0.1004,-57.88,0.038221,0.099768,1e+05,0.099,0.10006,-50.752,0.10398,0.24546,0.24891,0.25224,1.687e-05,7.0911e-11,3.2903e-05,-2.0061e-05,7.3224e-06,5.5189e-06,-3.2903e-05,2.0061e-05,-7.3224e-06,129.77,-6.7289e-05,-0.05765,0.016972,98.947,-1.4646,-0.0097665,0.023708,-0.030952,0.0023497,612.84,0.16939,-0.19189,-0.047052,0.095121,6.3548e-05,0.02343,0,0
2.6916e-08,0.003949,16384,90632,9646.3,5394.2,1.5975e+05,3026.8,16062,1.4671e+05,0.058868,-0.087871,-0.085386,-0.085228,-0.084729,-0,3.9192e-06,0,0.0006429,-0.0019553,0.0013025,7.1706e-09,-0.088064,0.00017471,11.738,5.584,3.4093e-05,0.00030087,1,0.0022624,0.019278,1.953e-05,0.027589,0.0025144,-0.0041493,-0.013916,0.0432,-0.042698,0.0043823,0.0061004,0.009967,-0.04396,-98.481,0.00080054,0.012683,0.25484,1.7455e-06,-90.606,0.016018,0.016018,-5.584,-3.4093e-05,-0.00030087,1,0.029,0.0025407,0.0048257,1.8075e-06,0.023693,0.002502,0.00072,0,0.01405,3338.7,-13939,0.010569,-0.031327,6.0984e-08,0.00099913,0.005527,0.00058827,0.00032896,0.0042999,8.1471e-05,0.00043232,3004.3,0.00017853,0.098037,0.10057,-56.864,0.026459,0.09967,1e+05,0.098719,0.10008,-45.696,0.10569,0.24353,0.24843,0.2532,1.7455e-05,7.8885e-11,3.0518e-05,-1.6688e-05,7.8384e-06,5.9909e-06,-3.0518e-05,1.6688e-05,-7.8384e-06,130.27,-4.4894e-05,-0.056199,0.016744,101.34,-0.91615,-0.0096662,0.026134,-0.025115,0.0023219,405.3,0.16913,-0.19025,-0.047594,0.094842,5.2498e-05,0.033542,0,0
2.6915e-08,0.003949,16388,90628,9647.5,5395.2,1.5974e+05,3032.6,16059,1.4672e+05,0.05886,-0.08782,-0.085382,-0.085205,-0.084682,-0,4.105e-06,0,0.0006434,-0.0019546,0.0013007,7.2289e-09,-0.088051,0.00017583,11.72,6.7284,5.054e-05,0.00039118,1,0.002258,0.01906,1.9151e-05,0.027527,0.0025186,-0.0046405,-0.013319,0.0432,-0.041319,0.0032721,0.0065679,0.0099573,-0.042795,-98.475,0.00074223,0.012049,0.25628,1.7938e-06,-90.595,0.015745,0.015745,-6.7284,-5.054e-05,-0.00039118,1,0.029,0.0026226,0.0048033,1.7914e-06,0.023637,0.0025026,0.00069125,0,0.013978,3642.9,-10770,0.01074,-0.027574,6.0985e-08,0.00099943,0.0055269,0.00058835,0.00032902,0.0042996,8.1625e-05,0.00043224,3005.7,0.00017817,0.097476,0.10074,-55.835,0.019223,0.099573,1e+05,0.098487,0.1001,-42.378,0.1074,0.24161,0.24795,0.25415,1.7938e-05,1.0275e-10,2.8467e-05,-1.388e-05,8.2101e-06,6.3763e-06,-2.8467e-05,1.388e-05,-8.2101e-06,130.59,-2.7455e-05,-0.054699,0.016522,101.67,-0.5695,-0.0095661,0.027879,-0.021247,0.0022989,269.53,0.16887,-0.18862,-0.048124,0.094558,4.3353e-05,0.043655,0,0
2.6915e-08,0.0039489,16393,90624,9648.8,5396.2,1.5974e+05,3037.5,16057,1.4672e+05,0.058852,-0.087778,-0.085377,-0.085183,-0.084643,-0,4.2323e-06,0,0.00064382,-0.0019539,0.0012992,7.2772e-09,-0.088039,0.00017677,11.705,7.3207,6.7812e-05,0.0004813,1,0.0022537,0.018849,1.8788e-05,0.027469,0.0025227,-0.0051859,-0.01273,0.0432,-0.039944,0.0025803,0.0070706,0.0099477,-0.041635,-98.469,0.00068836,0.011442,0.25772,1.8336e-06,-90.584,0.015482,0.015482,-7.3207,-6.7812e-05,-0.0004813,1,0.029,0.0027056,0.004784,1.7778e-06,0.023589,0.0025032,0.00067154,0,0.013917,3839.9,-8659.6,0.01091,-0.025074,6.0985e-08,0.00099971,0.0055268,0.00058843,0.00032909,0.0042993,8.1753e-05,0.00043216,3007,0.00017797,0.096931,0.10091,-54.809,0.014762,0.099477,1e+05,0.098287,0.10013,-40.168,0.1091,0.23971,0.24746,0.25511,1.8336e-05,9.2436e-11,2.6693e-05,-1.1538e-05,8.4647e-06,6.6902e-06,-2.6693e-05,1.1538e-05,-8.4647e-06,130.77,-1.3981e-05,-0.053162,0.016308,100.81,-0.34612,-0.0094664,0.029178,-0.018633,0.002279,179.49,0.16861,-0.187,-0.048642,0.09427,3.5779e-05,0.053767,0,0
2.6914e-08,0.0039488,16397,90621,9650,5397.2,1.5973e+05,3041.6,16054,1.4672e+05,0.058845,-0.087742,-0.085373,-0.085161,-0.084611,-0,4.3119e-06,0,0.00064418,-0.0019534,0.0012979,7.317e-09,-0.088026,0.00017757,11.692,7.5558,8.5371e-05,0.00057125,1,0.0022494,0.018645,1.844e-05,0.027412,0.0025268,-0.0057848,-0.012155,0.0432,-0.038587,0.0021641,0.0076053,0.0099382,-0.040489,-98.463,0.00063901,0.010866,0.25914,1.8665e-06,-90.572,0.01523,0.01523,-7.5558,-8.5371e-05,-0.00057125,1,0.029,0.0027897,0.0047668,1.7657e-06,0.023546,0.0025037,0.00065771,0,0.013862,3967.1,-7243.4,0.011081,-0.023397,6.0986e-08,0.00099997,0.0055267,0.00058852,0.00032916,0.004299,8.1859e-05,0.00043207,3008.3,0.00017788,0.096401,0.10107,-53.796,0.012069,0.099382,1e+05,0.098109,0.10015,-38.685,0.11081,0.23783,0.24697,0.25606,1.8665e-05,9.5507e-11,2.5152e-05,-9.583e-06,8.6238e-06,6.9448e-06,-2.5152e-05,9.583e-06,-8.6238e-06,130.84,-3.6824e-06,-0.051596,0.0161,99.299,-0.20088,-0.0093669,0.03017,-0.016842,0.0022613,119.44,0.16835,-0.1854,-0.049148,0.093977,2.9504e-05,0.063879,0,0
2.6913e-08,0.0039487,16400,90618,9651.3,5398.3,1.5973e+05,3045,16051,1.4673e+05,0.058839,-0.087713,-0.085368,-0.085139,-0.084584,-0,4.3526e-06,0,0.00064449,-0.0019529,0.0012969,7.3493e-09,-0.088014,0.00017823,11.681,7.5545,0.00010287,0.00066101,1,0.0022452,0.018449,1.8108e-05,0.027358,0.0025309,-0.0064379,-0.011594,0.0432,-0.037253,0.0019374,0.0081704,0.0099287,-0.039364,-98.457,0.00059397,0.010324,0.26056,1.8936e-06,-90.561,0.014988,0.014988,-7.5545,-0.00010287,-0.00066101,1,0.029,0.0028749,0.004751,1.7547e-06,0.023507,0.0025043,0.00064784,0,0.013811,4047.6,-6295.5,0.011251,-0.022274,6.0987e-08,0.0010002,0.0055266,0.00058861,0.00032923,0.0042988,8.1948e-05,0.00043198,3009.6,0.00017789,0.095887,0.10123,-52.801,0.010544,0.099287,1e+05,0.097945,0.10017,-37.692,0.11251,0.23596,0.24647,0.25701,1.8936e-05,9.7465e-11,2.3805e-05,-7.95e-06,8.7052e-06,7.1498e-06,-2.3805e-05,7.95e-06,-8.7052e-06,130.83,4.0675e-06,-0.050002,0.0159,97.437,-0.1068,-0.0092677,0.030938,-0.015606,0.002245,79.572,0.16809,-0.18381,-0.049643,0.09368,2.4305e-05,0.073991,0,0
2.6912e-08,0.0039487,16404,90615,9652.7,5399.5,1.5973e+05,3048,16049,1.4673e+05,0.058832,-0.087686,-0.085363,-0.085115,-0.084559,-0,4.3612e-06,0,0.00064477,-0.0019525,0.001296,7.3768e-09,-0.088001,0.00017883,11.672,7.3819,0.00012129,0.00075693,1,0.0022407,0.018247,1.7769e-05,0.027301,0.0025351,-0.0071986,-0.011012,0.0432,-0.035855,0.0018394,0.0088085,0.0099188,-0.038183,-98.45,0.00055015,0.0097798,0.26207,1.9173e-06,-90.549,0.01474,0.01474,-7.3819,-0.00012129,-0.00075693,1,0.029,0.0029674,0.0047353,1.7439e-06,0.023468,0.0025049,0.00064019,0,0.013761,4099.4,-5628.4,0.011433,-0.021484,6.0988e-08,0.0010005,0.0055265,0.0005887,0.00032931,0.0042985,8.2026e-05,0.00043189,3011,0.00017796,0.095355,0.10141,-51.757,0.0097633,0.099188,1e+05,0.097781,0.1002,-36.994,0.11433,0.23398,0.24593,0.25802,1.9173e-05,9.857e-11,2.2545e-05,-6.4986e-06,8.7223e-06,7.3236e-06,-2.2545e-05,6.4986e-06,-8.7223e-06,130.73,1.0114e-05,-0.048265,0.015694,95.299,-0.042963,-0.0091618,0.031581,-0.014694,0.0022287,51.881,0.16781,-0.18213,-0.05016,0.093358,1.9727e-05,0.084819,0,0
2.691e-08,0.0039486,16408,90613,9654.1,5400.7,1.5973e+05,3050.5,16046,1.4673e+05,0.058826,-0.087664,-0.085357,-0.085093,-0.084539,-0,4.3408e-06,0,0.00064502,-0.0019521,0.0012953,7.3978e-09,-0.087988,0.00017933,11.664,7.0994,0.00013918,0.00085264,1,0.0022363,0.018053,1.7448e-05,0.027248,0.0025394,-0.0080246,-0.010448,0.0432,-0.034487,0.0018409,0.0094811,0.0099089,-0.037029,-98.444,0.00051044,0.0092709,0.26357,1.9366e-06,-90.537,0.014503,0.014503,-7.0994,-0.00013918,-0.00085264,1,0.029,0.0030612,0.0047204,1.7337e-06,0.02343,0.0025055,0.00063449,0,0.013713,4128.5,-5193.4,0.011614,-0.020969,6.099e-08,0.0010007,0.0055264,0.0005888,0.00032939,0.0042983,8.2089e-05,0.0004318,3012.5,0.0001781,0.094842,0.10157,-50.737,0.0095406,0.099089,1e+05,0.097626,0.10022,-36.538,0.11614,0.23202,0.24538,0.25903,1.9366e-05,9.9156e-11,2.1441e-05,-5.3013e-06,8.6816e-06,7.4584e-06,-2.1441e-05,5.3013e-06,-8.6816e-06,130.57,1.4333e-05,-0.046494,0.015496,93.192,-0.0026791,-0.0090563,0.032088,-0.014056,0.0022132,34.175,0.16753,-0.18046,-0.050664,0.09303,1.5989e-05,0.095647,0,0
2.6909e-08,0.0039485,16411,90610,9655.4,5402,1.5972e+05,3052.5,16043,1.4673e+05,0.058821,-0.087646,-0.085352,-0.085071,-0.084523,-0,4.2976e-06,0,0.00064522,-0.0019518,0.0012948,7.4132e-09,-0.087976,0.00017974,11.658,6.751,0.00015639,0.00094814,1,0.002232,0.017867,1.7143e-05,0.027196,0.0025435,-0.0089192,-0.0099014,0.0432,-0.03315,0.0019087,0.010189,0.0098991,-0.0359,-98.438,0.00047437,0.0087949,0.26506,1.9522e-06,-90.524,0.014278,0.014278,-6.751,-0.00015639,-0.00094814,1,0.029,0.0031561,0.0047061,1.7239e-06,0.023394,0.0025061,0.00063003,0,0.013667,4143.3,-4905.4,0.011795,-0.020627,6.0991e-08,0.0010009,0.0055264,0.00058889,0.00032947,0.0042981,8.2141e-05,0.0004317,3013.9,0.00017827,0.094349,0.10174,-49.738,0.0096688,0.098991,1e+05,0.097476,0.10024,-36.237,0.11795,0.23007,0.24483,0.26004,1.9522e-05,9.9257e-11,2.0469e-05,-4.3132e-06,8.5952e-06,7.5608e-06,-2.0469e-05,4.3132e-06,-8.5952e-06,130.34,1.7133e-05,-0.044686,0.015306,91.235,0.023429,-0.008951,0.032496,-0.01359,0.0021983,22.788,0.16726,-0.1788,-0.051156,0.092698,1.2937e-05,0.10647,0,0
2.6908e-08,0.0039484,16414,90608,9656.8,5403.2,1.5972e+05,3054.2,16040,1.4674e+05,0.058815,-0.087631,-0.085347,-0.085049,-0.084509,-0,4.2364e-06,0,0.0006454,-0.0019516,0.0012943,7.4237e-09,-0.087963,0.00018008,11.652,6.3633,0.00017283,0.0010434,1,0.0022277,0.017689,1.6856e-05,0.027148,0.0025476,-0.0098862,-0.0093708,0.0432,-0.031839,0.0020229,0.010936,0.0098895,-0.034793,-98.431,0.0004415,0.0083489,0.26654,1.9648e-06,-90.512,0.014064,0.014064,-6.3633,-0.00017283,-0.0010434,1,0.029,0.0032523,0.0046922,1.7144e-06,0.02336,0.0025067,0.00062638,0,0.013623,4149,-4711.5,0.011976,-0.020398,6.0992e-08,0.0010011,0.0055263,0.00058898,0.00032955,0.0042979,8.2183e-05,0.00043161,3015.3,0.00017847,0.093875,0.10191,-48.76,0.010026,0.098895,1e+05,0.097331,0.10027,-36.033,0.11976,0.22815,0.24427,0.26104,1.9648e-05,9.8972e-11,1.9607e-05,-3.4977e-06,8.4728e-06,7.6367e-06,-1.9607e-05,3.4977e-06,-8.4728e-06,130.07,1.8842e-05,-0.042836,0.015125,89.503,0.040965,-0.0088461,0.032828,-0.013235,0.0021838,15.438,0.16698,-0.17716,-0.051634,0.092361,1.0447e-05,0.1173,0,0
2.6907e-08,0.0039483,16418,90606,9658.1,5404.5,1.5972e+05,3055.6,16037,1.4674e+05,0.05881,-0.087619,-0.085341,-0.085028,-0.084497,-0,4.1613e-06,0,0.00064556,-0.0019514,0.0012939,7.4299e-09,-0.08795,0.00018037,11.648,5.9524,0.00018842,0.0011385,1,0.0022234,0.01752,1.6585e-05,0.027103,0.0025517,-0.010931,-0.0088546,0.0432,-0.030551,0.0021718,0.011724,0.00988,-0.033706,-98.425,0.00041143,0.0079299,0.26801,1.9749e-06,-90.5,0.013861,0.013861,-5.9524,-0.00018842,-0.0011385,1,0.029,0.0033497,0.0046787,1.7053e-06,0.023326,0.0025073,0.00062325,0,0.01358,4148.9,-4578.4,0.012157,-0.02024,6.0993e-08,0.0010014,0.0055263,0.00058907,0.00032964,0.0042976,8.2217e-05,0.00043152,3016.7,0.00017868,0.093421,0.10207,-47.799,0.01054,0.0988,1e+05,0.09719,0.10029,-35.894,0.12157,0.22624,0.24371,0.26204,1.9749e-05,9.838e-11,1.8838e-05,-2.8246e-06,8.3226e-06,7.6906e-06,-1.8838e-05,2.8246e-06,-8.3226e-06,129.75,1.9719e-05,-0.040937,0.014952,88.044,0.053295,-0.0087415,0.033098,-0.012951,0.0021697,10.695,0.1667,-0.17553,-0.0521,0.09202,8.4143e-06,0.12813,0,0
2.6905e-08,0.0039482,16423,90602,9660.3,5406.7,1.5972e+05,3057.4,16033,1.4674e+05,0.058802,-0.087603,-0.085331,-0.084993,-0.084482,-0,4.0098e-06,0,0.00064578,-0.001951,0.0012935,7.4319e-09,-0.087929,0.00018075,11.642,5.2213,0.0002129,0.0013001,1,0.0022163,0.017252,1.6163e-05,0.027036,0.0025585,-0.012909,-0.0080021,0.0432,-0.028396,0.0024901,0.013178,0.009864,-0.031887,-98.414,0.00036565,0.0072698,0.27051,1.9878e-06,-90.48,0.013541,0.013541,-5.2213,-0.0002129,-0.0013001,1,0.029,0.0035186,0.0046563,1.6902e-06,0.023269,0.0025083,0.00061871,0,0.013508,4140.7,-4439.5,0.012464,-0.020076,6.0995e-08,0.0010017,0.0055263,0.00058922,0.00032978,0.0042973,8.2261e-05,0.00043137,3019.1,0.00017905,0.092696,0.10234,-46.191,0.011678,0.09864,1e+05,0.096954,0.10033,-35.749,0.12464,0.22302,0.24274,0.26373,1.9878e-05,9.6832e-11,1.7701e-05,-1.9396e-06,8.0195e-06,7.742e-06,-1.7701e-05,1.9396e-06,-8.0195e-06,129.12,1.9833e-05,-0.037566,0.014677,86.274,0.067504,-0.0085639,0.03344,-0.012567,0.0021463,6.362,0.16624,-0.17278,-0.052865,0.091427,5.7867e-06,0.14659,0,0
2.6904e-08,0.0039481,16427,90599,9662.4,5408.9,1.5972e+05,3058.7,16028,1.4675e+05,0.058794,-0.087591,-0.085322,-0.08496,-0.084471,-0,3.8395e-06,0,0.00064596,-0.0019508,0.0012932,7.4251e-09,-0.087908,0.00018103,11.637,4.4744,0.00023449,0.0014612,1,0.0022093,0.017009,1.5789e-05,0.026983,0.0025653,-0.015172,-0.0071756,0.0432,-0.026273,0.0028735,0.014801,0.0098484,-0.030095,-98.403,0.00032552,0.006667,0.27297,1.9966e-06,-90.459,0.013253,0.013253,-4.4744,-0.00023449,-0.0014612,1,0.029,0.0036909,0.0046346,1.6756e-06,0.023214,0.0025093,0.00061467,0,0.013439,4127.8,-4353.2,0.012771,-0.019973,6.0996e-08,0.001002,0.0055262,0.00058937,0.00032992,0.004297,8.229e-05,0.00043122,3021.4,0.00017941,0.092036,0.10261,-44.607,0.013044,0.098484,1e+05,0.096726,0.10037,-35.658,0.12771,0.21986,0.24176,0.26541,1.9966e-05,9.4833e-11,1.6736e-05,-1.3015e-06,7.6791e-06,7.7552e-06,-1.6736e-05,1.3015e-06,-7.6791e-06,128.4,1.8872e-05,-0.03398,0.014428,85.537,0.079036,-0.0083872,0.033659,-0.01224,0.0021236,4.2609,0.16577,-0.17008,-0.053595,0.090821,3.9338e-06,0.16505,0,0
2.6902e-08,0.0039479,16432,90596,9664.4,5411.1,1.5972e+05,3059.6,16024,1.4675e+05,0.058787,-0.087582,-0.085312,-0.084929,-0.084463,-0,3.6595e-06,0,0.00064611,-0.0019506,0.0012931,7.4112e-09,-0.087886,0.00018123,11.634,3.7169,0.00025293,0.0016216,1,0.0022025,0.016793,1.5466e-05,0.026948,0.0025719,-0.017779,-0.006364,0.0432,-0.024154,0.0033224,0.016638,0.009833,-0.028307,-98.393,0.00028986,0.00611,0.27541,2.0026e-06,-90.439,0.012999,0.012999,-3.7169,-0.00025293,-0.0016216,1,0.029,0.0038666,0.0046134,1.6615e-06,0.023161,0.0025102,0.00061091,0,0.013371,4113.2,-4289.9,0.013076,-0.019898,6.0998e-08,0.0010023,0.0055262,0.00058951,0.00033006,0.0042967,8.2309e-05,0.00043108,3023.8,0.00017974,0.091444,0.10287,-43.026,0.014614,0.09833,1e+05,0.096503,0.10041,-35.592,0.13076,0.21674,0.24076,0.26708,2.0026e-05,9.2534e-11,1.59e-05,-8.4033e-07,7.3191e-06,7.741e-06,-1.59e-05,8.4033e-07,-7.3191e-06,127.61,1.7342e-05,-0.030114,0.014205,85.966,0.091073,-0.0082114,0.033768,-0.011936,0.0021015,3.1318,0.1653,-0.16741,-0.054289,0.090202,2.6245e-06,0.18351,0,0
2.69e-08,0.0039478,16436,90594,9666.3,5413.2,1.5972e+05,3060.3,16020,1.4676e+05,0.05878,-0.087576,-0.085302,-0.0849,-0.084457,-0,3.4757e-06,0,0.00064624,-0.0019504,0.001293,7.3916e-09,-0.087866,0.00018138,11.632,2.9428,0.00026792,0.0017815,1,0.0021959,0.016605,1.5195e-05,0.026935,0.0025784,-0.020808,-0.005555,0.0432,-0.022009,0.0038498,0.018757,0.0098181,-0.026496,-98.382,0.00025773,0.0055887,0.27782,2.0065e-06,-90.419,0.01278,0.01278,-2.9428,-0.00026792,-0.0017815,1,0.029,0.0040457,0.0045928,1.6478e-06,0.023108,0.0025112,0.00060734,0,0.013305,4097.8,-4239.2,0.013381,-0.019838,6.1e-08,0.0010026,0.0055262,0.00058964,0.00033021,0.0042964,8.2322e-05,0.00043095,3026.2,0.00018005,0.090927,0.10314,-41.425,0.016418,0.098181,1e+05,0.096285,0.10045,-35.539,0.13381,0.21368,0.23976,0.26874,2.0065e-05,9.0064e-11,1.5166e-05,-5.0729e-07,6.9515e-06,7.707e-06,-1.5166e-05,5.0729e-07,-6.9515e-06,126.76,1.5557e-05,-0.025879,0.014011,87.727,0.10527,-0.0080366,0.033761,-0.011642,0.00208,2.5381,0.16484,-0.16478,-0.054948,0.089569,1.7012e-06,0.20197,0,0
2.6899e-08,0.0039476,16440,90591,9668.1,5415.4,1.5972e+05,3060.7,16017,1.4676e+05,0.058774,-0.087572,-0.085292,-0.084872,-0.084452,-0,3.2922e-06,0,0.00064634,-0.0019502,0.0012929,7.3676e-09,-0.087845,0.00018149,11.63,2.1415,0.00027905,0.0019407,1,0.0021894,0.016448,1.4981e-05,0.02695,0.0025848,-0.024371,-0.0047346,0.0432,-0.019801,0.0044782,0.021258,0.0098034,-0.024632,-98.372,0.00022837,0.0050944,0.28022,2.009e-06,-90.399,0.012597,0.012597,-2.1415,-0.00027905,-0.0019407,1,0.029,0.0042281,0.0045728,1.6346e-06,0.023057,0.0025122,0.00060392,0,0.013241,4082.3,-4196.2,0.013685,-0.019788,6.1001e-08,0.0010029,0.0055262,0.00058976,0.00033035,0.0042961,8.2329e-05,0.00043083,3028.5,0.00018032,0.090492,0.10339,-39.777,0.018518,0.098034,1e+05,0.096073,0.10049,-35.494,0.13685,0.21066,0.23874,0.27039,2.009e-05,8.7509e-11,1.4511e-05,-2.6752e-07,6.5845e-06,7.6585e-06,-1.4511e-05,2.6752e-07,-6.5845e-06,125.87,1.3707e-05,-0.021156,0.013848,91.06,0.12334,-0.0078627,0.033627,-0.011351,0.002059,2.2744,0.16437,-0.16219,-0.055571,0.088923,1.0532e-06,0.22042,0,0
2.6895e-08,0.0039473,16449,90586,9671.9,5420.5,1.5972e+05,3061.2,16009,1.4677e+05,0.05876,-0.087566,-0.085269,-0.084812,-0.084446,-0,2.8731e-06,0,0.00064655,-0.00195,0.001293,7.2975e-09,-0.087797,0.00018165,11.628,0.042419,0.00028617,0.0023142,1,0.0021747,0.016224,1.4742e-05,0.027135,0.0025997,-0.035949,-0.0026405,0.0432,-0.014049,0.0066217,0.029725,0.00977,-0.019777,-98.347,0.0001666,0.0039872,0.28576,2.0112e-06,-90.353,0.012339,0.012339,-0.042419,-0.00028617,-0.0023142,1,0.029,0.0046713,0.0045277,1.605e-06,0.022942,0.0025144,0.00059629,0,0.013098,4046.5,-4106.2,0.014398,-0.019681,6.1005e-08,0.0010035,0.0055262,0.00059003,0.00033068,0.0042955,8.2331e-05,0.00043056,3033.9,0.00018082,0.08987,0.10399,-35.485,0.025372,0.0977,1e+05,0.095594,0.10058,-35.4,0.14398,0.20373,0.23629,0.27423,2.0112e-05,8.1417e-11,1.3203e-05,4.909e-08,5.7463e-06,7.5059e-06,-1.3203e-05,-4.909e-08,-5.7463e-06,123.61,9.5843e-06,-0.0069532,0.01361,107.52,0.19585,-0.0074559,0.032591,-0.010654,0.0020117,2.2741,0.16329,-0.1562,-0.056897,0.087336,2.4483e-07,0.26398,0,0
2.6892e-08,0.003947,16457,90581,9675.2,5425.5,1.5972e+05,3061.4,16002,1.4677e+05,0.058747,-0.087563,-0.085247,-0.084761,-0.084443,-0,2.4908e-06,0,0.00064671,-0.0019498,0.0012932,7.216e-09,-0.08775,0.00018172,11.626,-2.6103,0.00025604,0.0026844,1,0.0021608,0.01628,1.5013e-05,0.027649,0.0026146,-0.055113,-3.8347e-05,0.0432,-0.0068066,0.01072,0.046012,0.0097384,-0.013663,-98.323,0.00011193,0.0029081,0.29117,2.0111e-06,-90.308,0.012403,0.012403,2.6103,-0.00025604,-0.0026844,1,0.029,0.0051321,0.0044858,1.5779e-06,0.022835,0.0025165,0.00058913,0,0.012964,4014.1,-4011.1,0.015107,-0.019568,6.1008e-08,0.001004,0.0055262,0.00059027,0.000331,0.004295,8.2325e-05,0.00043033,3039.3,0.00018117,0.090025,0.10458,-30.08,0.037604,0.097384,1e+05,0.095146,0.10066,-35.3,0.15107,0.19705,0.23378,0.278,2.0111e-05,7.5622e-11,1.2117e-05,1.9169e-07,4.9816e-06,7.3272e-06,-1.2117e-05,-1.9169e-07,-4.9816e-06,121.19,6.4181e-06,0.014827,0.01365,142.99,0.37838,-0.0070541,0.029572,-0.0099058,0.0019676,2.494,0.16221,-0.15036,-0.058001,0.085644,-9.0278e-08,0.30753,0,0
2.6888e-08,0.0039467,16465,90576,9678,5430.4,1.5972e+05,3061.3,15997,1.4678e+05,0.058735,-0.087562,-0.085225,-0.084716,-0.084441,-0,2.1515e-06,0,0.00064685,-0.0019496,0.0012934,7.1287e-09,-0.087705,0.00018176,11.626,-6.2187,0.00016902,0.0030513,1,0.0021477,0.016759,1.6102e-05,0.028699,0.0026297,-0.084999,0.0035408,0.0432,0.0030196,0.020458,0.083831,0.0097086,-0.0053688,-98.3,6.5198e-05,0.0018754,0.29645,2.0102e-06,-90.263,0.01296,0.01296,6.2187,-0.00016902,-0.0030513,1,0.029,0.0056097,0.0044472,1.5532e-06,0.022736,0.0025187,0.00058241,0,0.012841,3986.5,-3900.2,0.015811,-0.019437,6.1012e-08,0.0010045,0.0055262,0.00059047,0.00033132,0.0042945,8.2314e-05,0.00043012,3044.5,0.0001814,0.091352,0.10519,-22.747,0.064375,0.097086,1e+05,0.094732,0.10075,-35.184,0.15811,0.19063,0.23124,0.28169,2.0102e-05,7.0295e-11,1.1179e-05,2.6233e-07,4.303e-06,7.1387e-06,-1.1179e-05,-2.6233e-07,-4.303e-06,118.72,4.2299e-06,0.047506,0.014113,197.23,0.87554,-0.0066572,0.020867,-0.0090766,0.001927,2.8745,0.16114,-0.1446,-0.05884,0.0838,-2.4623e-07,0.35108,0,0
2.6887e-08,0.0039465,16468,90574,9679.3,5432.9,1.5972e+05,3061.3,15994,1.4678e+05,0.05873,-0.087562,-0.085213,-0.084695,-0.084441,-0,1.9899e-06,0,0.00064692,-0.0019495,0.0012935,7.0816e-09,-0.087681,0.00018178,11.626,-8.5356,9.4415e-05,0.0032433,1,0.0021411,0.017231,1.7136e-05,0.029523,0.0026379,-0.10177,0.0059061,0.0432,0.0093217,0.030676,0.12223,0.0096935,-4.9195e-05,-98.288,4.6088e-05,0.001408,0.29917,2.0097e-06,-90.24,0.013516,0.013516,8.5356,-9.4415e-05,-0.0032433,1,0.029,0.0058678,0.0044283,1.5413e-06,0.022687,0.0025198,0.00057904,0,0.012781,3974,-3834,0.01618,-0.019359,6.1013e-08,0.0010048,0.0055262,0.00059056,0.00033148,0.0042942,8.2308e-05,0.00043003,3047.2,0.00018149,0.092641,0.10551,-18.043,0.090553,0.096935,1e+05,0.09453,0.10079,-35.115,0.1618,0.18735,0.22988,0.2836,2.0097e-05,6.769e-11,1.0732e-05,2.8615e-07,3.9798e-06,7.0381e-06,-1.0732e-05,-2.8615e-07,-3.9798e-06,117.47,3.3809e-06,0.065812,0.014576,214.25,1.4256,-0.0064502,0.011116,-0.0086003,0.001907,3.1109,0.16058,-0.14158,-0.059158,0.08275,-2.968e-07,0.37402,0,0
2.6886e-08,0.0039464,16471,90572,9680.1,5434.6,1.5972e+05,3061.2,15992,1.4678e+05,0.058726,-0.087562,-0.085205,-0.084681,-0.084441,-0,1.885e-06,0,0.00064696,-0.0019494,0.0012936,7.0489e-09,-0.087665,0.00018178,11.626,-10.178,3.2085e-05,0.0033745,1,0.0021367,0.017645,1.8055e-05,0.030178,0.0026437,-0.11083,0.0076303,0.0432,0.013791,0.041192,0.15848,0.0096835,0.0037237,-98.279,3.6035e-05,0.0011465,0.30102,2.0092e-06,-90.225,0.01401,0.01401,10.178,-3.2085e-05,-0.0033745,1,0.029,0.0060473,0.004416,1.5336e-06,0.022655,0.0025205,0.00057682,0,0.012742,3966.2,-3786.4,0.016432,-0.019302,6.1014e-08,0.0010049,0.0055262,0.00059062,0.00033159,0.0042941,8.2304e-05,0.00042997,3049,0.00018154,0.093755,0.10575,-14.708,0.11648,0.096835,1e+05,0.094397,0.10082,-35.065,0.16432,0.18514,0.22895,0.28489,2.0092e-05,6.5973e-11,1.0443e-05,2.9528e-07,3.77e-06,6.9684e-06,-1.0443e-05,-2.9528e-07,-3.77e-06,116.68,2.8711e-06,0.07584,0.014983,208.44,1.8901,-0.006309,0.00086181,-0.0082594,0.001894,3.2101,0.16019,-0.13951,-0.059325,0.081996,-3.1145e-07,0.38974,0,0
2.6885e-08,0.0039463,16473,90571,9680.9,5436.3,1.5972e+05,3061.2,15991,1.4679e+05,0.058722,-0.087562,-0.085197,-0.084668,-0.084441,-0,1.7848e-06,0,0.000647,-0.0019494,0.0012937,7.0159e-09,-0.087649,0.00018179,11.626,-11.715,-3.6794e-05,0.0035052,1,0.0021324,0.018114,1.9123e-05,0.030865,0.0026497,-0.11683,0.0092914,0.0432,0.017976,0.054895,0.20055,0.0096737,0.0072558,-98.271,2.8622e-05,0.00094459,0.30285,2.0087e-06,-90.209,0.014578,0.014578,11.715,3.6794e-05,-0.0035052,1,0.029,0.0062288,0.0044043,1.5263e-06,0.022625,0.0025213,0.00057468,0,0.012705,3958.9,-3738.4,0.016684,-0.019245,6.1015e-08,0.0010051,0.0055262,0.00059068,0.0003317,0.0042939,8.2299e-05,0.00042991,3050.9,0.00018158,0.095006,0.10599,-11.585,0.14935,0.096737,1e+05,0.09427,0.10085,-35.015,0.16684,0.18296,0.22802,0.28617,2.0087e-05,6.4312e-11,1.0168e-05,3.0035e-07,3.5697e-06,6.8983e-06,-1.0168e-05,-3.0035e-07,-3.5697e-06,115.93,2.42e-06,0.08263,0.015446,185.47,2.3043,-0.0061685,-0.012639,-0.0079112,0.0018815,3.1681,0.15981,-0.13745,-0.059456,0.08122,-3.1545e-07,0.40547,0,0
2.6884e-08,0.0039462,16475,90570,9681.6,5438,1.5972e+05,3061.1,15989,1.4679e+05,0.058718,-0.087562,-0.08519,-0.084656,-0.084441,-0,1.6895e-06,0,0.00064704,-0.0019493,0.0012938,6.9829e-09,-0.087633,0.00018179,11.625,-13.022,-0.00010963,0.0036355,1,0.0021282,0.018622,2.0315e-05,0.031545,0.0026558,-0.12013,0.01076,0.0432,0.021544,0.071099,0.2436,0.0096641,0.010268,-98.263,2.3521e-05,0.00080001,0.30466,2.0082e-06,-90.194,0.015201,0.015201,13.022,0.00010963,-0.0036355,1,0.029,0.0064124,0.004393,1.5193e-06,0.022596,0.002522,0.00057263,0,0.012669,3952,-3692.3,0.016935,-0.019191,6.1016e-08,0.0010053,0.0055262,0.00059074,0.00033181,0.0042937,8.2294e-05,0.00042986,3052.7,0.00018161,0.096341,0.10623,-8.9223,0.18738,0.096641,1e+05,0.094148,0.10088,-34.966,0.16935,0.18081,0.22708,0.28745,2.0082e-05,6.2709e-11,9.904e-06,3.0315e-07,3.3789e-06,6.8283e-06,-9.904e-06,-3.0315e-07,-3.3789e-06,115.24,2.0278e-06,0.086441,0.015946,149.67,2.5302,-0.0060286,-0.028699,-0.007561,0.0018695,2.955,0.15943,-0.13539,-0.059555,0.080427,-3.1424e-07,0.4212,0,0
2.6883e-08,0.0039461,16477,90569,9682.2,5439.4,1.5972e+05,3061.1,15988,1.4679e+05,0.058715,-0.087562,-0.085183,-0.084646,-0.084441,-0,1.615e-06,0,0.00064707,-0.0019493,0.0012938,6.9557e-09,-0.08762,0.00018179,11.625,-13.864,-0.00017054,0.0037416,1,0.0021249,0.019055,2.1361e-05,0.032074,0.002661,-0.12146,0.011752,0.0432,0.023848,0.085116,0.27556,0.0096564,0.012213,-98.256,2.0724e-05,0.00071838,0.30612,2.0078e-06,-90.181,0.015739,0.015739,13.864,0.00017054,-0.0037416,1,0.029,0.0065639,0.0043842,1.5139e-06,0.022573,0.0025226,0.00057104,0,0.012641,3946.5,-3657.6,0.01714,-0.01915,6.1017e-08,0.0010054,0.0055262,0.00059078,0.00033189,0.0042936,8.229e-05,0.00042981,3054.2,0.00018164,0.097464,0.10644,-7.203,0.21987,0.096564,1e+05,0.094053,0.1009,-34.93,0.1714,0.17909,0.22632,0.28847,2.0078e-05,6.1443e-11,9.6966e-06,3.0445e-07,3.2299e-06,6.7712e-06,-9.6966e-06,-3.0445e-07,-3.2299e-06,114.72,1.7481e-06,0.087938,0.016372,116.29,2.506,-0.0059148,-0.042635,-0.007277,0.0018601,2.6692,0.15912,-0.13373,-0.059616,0.079771,-3.1137e-07,0.43404,0,0
2.6882e-08,0.003946,16479,90567,9682.7,5440.7,1.5972e+05,3061,15987,1.4679e+05,0.058713,-0.087562,-0.085177,-0.084637,-0.084441,-0,1.5435e-06,0,0.0006471,-0.0019493,0.0012939,6.9286e-09,-0.087608,0.00018179,11.625,-14.492,-0.00023186,0.0038475,1,0.0021216,0.019497,2.2463e-05,0.032569,0.0026663,-0.12209,0.012537,0.0432,0.025576,0.09863,0.30238,0.0096489,0.013671,-98.25,1.8849e-05,0.00066262,0.30758,2.0074e-06,-90.169,0.016295,0.016295,14.492,0.00023186,-0.0038475,1,0.029,0.0067166,0.0043757,1.5087e-06,0.022551,0.0025232,0.00056953,0,0.012614,3940.9,-3626.9,0.017344,-0.019113,6.1018e-08,0.0010055,0.0055262,0.00059082,0.00033198,0.0042935,8.2286e-05,0.00042977,3055.6,0.00018166,0.098598,0.10665,-5.9137,0.25105,0.096489,1e+05,0.093961,0.10093,-34.898,0.17344,0.17738,0.22555,0.28949,2.0074e-05,6.0215e-11,9.4961e-06,3.0502e-07,3.0869e-06,6.7142e-06,-9.4961e-06,-3.0502e-07,-3.0869e-06,114.21,1.5e-06,0.088505,0.016808,83.811,2.3097,-0.0058014,-0.056093,-0.0069969,0.001851,2.3226,0.15881,-0.13207,-0.059662,0.079109,-3.0705e-07,0.44689,0,0
2.6881e-08,0.0039459,16481,90566,9683.2,5442.1,1.5972e+05,3060.9,15986,1.4679e+05,0.05871,-0.087562,-0.085171,-0.084629,-0.084441,-0,1.4748e-06,0,0.00064713,-0.0019492,0.001294,6.9014e-09,-0.087595,0.00018178,11.626,-14.924,-0.00029315,0.0039531,1,0.0021184,0.019945,2.3614e-05,0.03303,0.0026718,-0.12236,0.013126,0.0432,0.02677,0.1107,0.32328,0.0096415,0.014679,-98.243,1.7657e-05,0.00062664,0.30902,2.007e-06,-90.156,0.016866,0.016866,14.924,0.00029315,-0.0039531,1,0.029,0.0068707,0.0043676,1.5037e-06,0.02253,0.0025238,0.00056811,0,0.012588,3935.2,-3600.6,0.017548,-0.019082,6.1019e-08,0.0010056,0.0055262,0.00059086,0.00033207,0.0042934,8.2282e-05,0.00042973,3057.1,0.00018167,0.099736,0.10687,-5.0221,0.27894,0.096415,1e+05,0.093873,0.10095,-34.87,0.17548,0.17569,0.22478,0.29051,2.007e-05,5.9022e-11,9.3021e-06,3.0493e-07,2.9497e-06,6.6573e-06,-9.3021e-06,-3.0493e-07,-2.9497e-06,113.73,1.2795e-06,0.088496,0.017249,55.239,1.9952,-0.0056884,-0.068122,-0.006722,0.0018423,1.9548,0.1585,-0.13043,-0.059694,0.078442,-3.0141e-07,0.45974,0,0
2.6881e-08,0.0039458,16483,90565,9683.7,5443.4,1.5972e+05,3060.9,15985,1.4679e+05,0.058707,-0.087563,-0.085165,-0.08462,-0.084441,-0,1.409e-06,0,0.00064716,-0.0019492,0.001294,6.8742e-09,-0.087582,0.00018178,11.626,-15.191,-0.00035413,0.0040584,1,0.0021152,0.020397,2.4811e-05,0.03346,0.0026774,-0.12246,0.013545,0.0432,0.027515,0.12074,0.33854,0.0096343,0.015308,-98.237,1.6956e-05,0.00060531,0.31044,2.0066e-06,-90.144,0.017448,0.017448,15.191,0.00035413,-0.0040584,1,0.029,0.007026,0.0043598,1.499e-06,0.022509,0.0025244,0.00056676,0,0.012563,3929.4,-3578.8,0.017751,-0.019056,6.1019e-08,0.0010058,0.0055262,0.0005909,0.00033215,0.0042932,8.2278e-05,0.0004297,3058.5,0.00018169,0.10087,0.1071,-4.4663,0.30238,0.096343,1e+05,0.093788,0.10097,-34.847,0.17751,0.17403,0.22402,0.29151,2.0066e-05,5.7865e-11,9.1143e-06,3.043e-07,2.8179e-06,6.6007e-06,-9.1143e-06,-3.043e-07,-2.8179e-06,113.26,1.0836e-06,0.088143,0.017695,32.093,1.6275,-0.0055759,-0.07815,-0.0064525,0.0018339,1.5992,0.15819,-0.12881,-0.059713,0.077771,-2.947e-07,0.47258,0,0
2.688e-08,0.0039457,16484,90564,9684.2,5444.7,1.5972e+05,3060.8,15985,1.4679e+05,0.058704,-0.087563,-0.085159,-0.084612,-0.084441,-0,1.3457e-06,0,0.00064719,-0.0019491,0.0012941,6.847e-09,-0.08757,0.00018178,11.626,-15.328,-0.00041464,0.0041635,1,0.0021121,0.020851,2.6051e-05,0.033863,0.0026832,-0.1225,0.013828,0.0432,0.027908,0.12861,0.34908,0.0096272,0.01564,-98.23,1.6602e-05,0.00059448,0.31186,2.0063e-06,-90.132,0.018041,0.018041,15.328,0.00041464,-0.0041635,1,0.029,0.0071826,0.0043523,1.4945e-06,0.02249,0.002525,0.0005655,0,0.012539,3923.6,-3561.1,0.017954,-0.019035,6.102e-08,0.0010059,0.0055262,0.00059093,0.00033224,0.0042931,8.2275e-05,0.00042966,3060,0.0001817,0.102,0.10733,-4.1729,0.32102,0.096272,1e+05,0.093707,0.101,-34.829,0.17954,0.17238,0.22325,0.29251,2.0063e-05,5.6741e-11,8.9325e-06,3.0325e-07,2.6915e-06,6.5442e-06,-8.9325e-06,-3.0325e-07,-2.6915e-06,112.8,9.0946e-07,0.08758,0.018142,14.64,1.2628,-0.0054637,-0.086003,-0.0061882,0.0018259,1.2793,0.15788,-0.12719,-0.05972,0.077098,-2.8721e-07,0.48543,0,0
2.6879e-08,0.0039456,16486,90563,9684.7,5446.2,1.5972e+05,3060.8,15984,1.4679e+05,0.058701,-0.087563,-0.085152,-0.084603,-0.084441,-0,1.2748e-06,0,0.00064722,-0.0019491,0.0012941,6.8151e-09,-0.087555,0.00018178,11.626,-15.372,-0.00048494,0.0042865,1,0.0021086,0.021387,2.7562e-05,0.03431,0.0026901,-0.12251,0.014032,0.0432,0.028048,0.13526,0.35692,0.0096191,0.015758,-98.222,1.6486e-05,0.00059094,0.31351,2.0058e-06,-90.117,0.018747,0.018747,15.372,0.00048494,-0.0042865,1,0.029,0.007368,0.0043439,1.4895e-06,0.022468,0.0025256,0.00056411,0,0.012513,3916.7,-3545.1,0.018192,-0.019016,6.1021e-08,0.001006,0.0055263,0.00059097,0.00033233,0.004293,8.227e-05,0.00042962,3061.7,0.00018172,0.10331,0.1076,-4.0686,0.33722,0.096191,1e+05,0.093616,0.10103,-34.812,0.18192,0.17048,0.22235,0.29366,2.0058e-05,5.5464e-11,8.7262e-06,3.0161e-07,2.5496e-06,6.4783e-06,-8.7262e-06,-3.0161e-07,-2.5496e-06,112.28,7.2969e-07,0.086758,0.018669,0.63144,0.88629,-0.0053326,-0.092648,-0.0058839,0.0018168,0.96544,0.15752,-0.12532,-0.059713,0.076303,-2.7772e-07,0.50051,0,0
2.6878e-08,0.0039455,16488,90562,9685.2,5447.8,1.5972e+05,3060.7,15983,1.4679e+05,0.058698,-0.087563,-0.085145,-0.084595,-0.084441,-0,1.2072e-06,0,0.00064725,-0.0019491,0.0012942,6.7832e-09,-0.087541,0.00018177,11.626,-15.334,-0.00055435,0.0044091,1,0.0021051,0.021923,2.9131e-05,0.034736,0.0026973,-0.1225,0.014144,0.0432,0.027963,0.1396,0.36146,0.0096111,0.015686,-98.215,1.6575e-05,0.0005937,0.31514,2.0054e-06,-90.103,0.019465,0.019465,15.334,0.00055435,-0.0044091,1,0.029,0.0075551,0.004336,1.4848e-06,0.022447,0.0025263,0.00056282,0,0.012488,3909.9,-3533,0.018429,-0.019002,6.1022e-08,0.0010061,0.0055263,0.00059101,0.00033243,0.0042929,8.2265e-05,0.00042958,3063.4,0.00018172,0.10462,0.10789,-4.1322,0.34829,0.096111,1e+05,0.09353,0.10105,-34.799,0.18429,0.1686,0.22145,0.29481,2.0054e-05,5.4231e-11,8.5275e-06,2.9964e-07,2.4144e-06,6.4127e-06,-8.5275e-06,-2.9964e-07,-2.4144e-06,111.75,5.7317e-07,0.08583,0.019197,-7.8166,0.59284,-0.005202,-0.096991,-0.005585,0.0018082,0.72346,0.15716,-0.12346,-0.05969,0.075506,-2.6771e-07,0.51559,0,0
2.6877e-08,0.0039455,16490,90561,9685.6,5449.3,1.5972e+05,3060.6,15982,1.4679e+05,0.058696,-0.087564,-0.085138,-0.084587,-0.084441,-0,1.1429e-06,0,0.00064728,-0.001949,0.0012943,6.7514e-09,-0.087526,0.00018177,11.626,-15.249,-0.00062281,0.0045314,1,0.0021018,0.02246,3.0758e-05,0.035147,0.0027046,-0.12248,0.0142,0.0432,0.02775,0.14224,0.36405,0.0096034,0.015506,-98.207,1.6783e-05,0.00060009,0.31676,2.005e-06,-90.089,0.020192,0.020192,15.249,0.00062281,-0.0045314,1,0.029,0.0077439,0.0043284,1.4804e-06,0.022427,0.002527,0.00056161,0,0.012464,3903.3,-3523.9,0.018666,-0.018991,6.1023e-08,0.0010063,0.0055263,0.00059104,0.00033253,0.0042927,8.2261e-05,0.00042955,3065.1,0.00018173,0.1059,0.10818,-4.2913,0.35552,0.096034,1e+05,0.093448,0.10108,-34.79,0.18666,0.16675,0.22055,0.29594,2.005e-05,5.3039e-11,8.3358e-06,2.9743e-07,2.2858e-06,6.3474e-06,-8.3358e-06,-2.9743e-07,-2.2858e-06,111.24,4.3677e-07,0.08484,0.019724,-12.36,0.38376,-0.005072,-0.099644,-0.0052903,0.0018,0.54691,0.1568,-0.12163,-0.059652,0.074705,-2.5737e-07,0.53068,0,0
2.6877e-08,0.0039454,16492,90560,9686.1,5450.7,1.5972e+05,3060.5,15981,1.468e+05,0.058693,-0.087564,-0.085131,-0.084579,-0.084441,-0,1.0816e-06,0,0.00064731,-0.001949,0.0012943,6.7196e-09,-0.087512,0.00018177,11.626,-15.143,-0.00069029,0.0046533,1,0.0020985,0.022996,3.2441e-05,0.035548,0.0027121,-0.12246,0.014225,0.0432,0.027473,0.14376,0.3656,0.0095958,0.015273,-98.2,1.7054e-05,0.00060836,0.31836,2.0047e-06,-90.075,0.020929,0.020929,15.143,0.00069029,-0.0046533,1,0.029,0.0079344,0.0043213,1.4763e-06,0.022409,0.0025277,0.00056048,0,0.012441,3896.8,-3517,0.018902,-0.018983,6.1023e-08,0.0010064,0.0055263,0.00059108,0.00033262,0.0042926,8.2256e-05,0.00042952,3066.7,0.00018174,0.10718,0.10849,-4.4977,0.36014,0.095958,1e+05,0.09337,0.10111,-34.783,0.18902,0.16493,0.21965,0.29706,2.0047e-05,5.1888e-11,8.1508e-06,2.9502e-07,2.1633e-06,6.2826e-06,-8.1508e-06,-2.9502e-07,-2.1633e-06,110.72,3.1776e-07,0.083816,0.020252,-14.412,0.24547,-0.0049425,-0.10117,-0.0049989,0.0017922,0.42304,0.15644,-0.11981,-0.0596,0.073902,-2.4682e-07,0.54576,0,0
2.6876e-08,0.0039453,16494,90559,9686.5,5452.2,1.5972e+05,3060.5,15980,1.468e+05,0.05869,-0.087564,-0.085124,-0.084572,-0.084442,-0,1.0233e-06,0,0.00064734,-0.001949,0.0012944,6.6879e-09,-0.087497,0.00018176,11.626,-15.028,-0.00075677,0.0047748,1,0.0020953,0.023532,3.4183e-05,0.035942,0.0027199,-0.12242,0.014236,0.0432,0.027173,0.14458,0.36667,0.0095885,0.015019,-98.192,1.7351e-05,0.00061745,0.31994,2.0043e-06,-90.061,0.021673,0.021673,15.028,0.00075677,-0.0047748,1,0.029,0.0081264,0.0043146,1.4725e-06,0.022391,0.0025284,0.00055942,0,0.01242,3890.6,-3511.6,0.019138,-0.018977,6.1024e-08,0.0010065,0.0055263,0.00059111,0.00033272,0.0042925,8.2252e-05,0.00042948,3068.4,0.00018174,0.10843,0.10879,-4.722,0.36311,0.095885,1e+05,0.093297,0.10113,-34.777,0.19138,0.16314,0.21875,0.29817,2.0043e-05,5.0776e-11,7.9723e-06,2.9248e-07,2.0467e-06,6.2181e-06,-7.9723e-06,-2.9248e-07,-2.0467e-06,110.21,2.1378e-07,0.082775,0.020778,-15.008,0.16015,-0.0048137,-0.102,-0.00471,0.0017848,0.33802,0.15609,-0.11802,-0.059533,0.073096,-2.3615e-07,0.56084,0,0
2.6875e-08,0.0039452,16496,90557,9686.9,5453.8,1.5972e+05,3060.4,15980,1.468e+05,0.058687,-0.087565,-0.085116,-0.084565,-0.084442,-0,9.6264e-07,0,0.00064737,-0.0019489,0.0012944,6.6533e-09,-0.087482,0.00018175,11.626,-14.901,-0.0008285,0.0049076,1,0.0020919,0.024119,3.6159e-05,0.036366,0.0027286,-0.12237,0.014241,0.0432,0.026841,0.14504,0.36767,0.0095806,0.014739,-98.184,1.7685e-05,0.0006276,0.32166,2.0039e-06,-90.046,0.022499,0.022499,14.901,0.0008285,-0.0049076,1,0.029,0.0083389,0.0043077,1.4686e-06,0.022373,0.0025291,0.00055834,0,0.012398,3884.2,-3506.8,0.019396,-0.018971,6.1025e-08,0.0010066,0.0055263,0.00059114,0.00033282,0.0042924,8.2247e-05,0.00042945,3070.2,0.00018174,0.10979,0.10914,-4.9691,0.36527,0.095806,1e+05,0.093222,0.10116,-34.772,0.19396,0.1612,0.21777,0.29937,2.0039e-05,4.9599e-11,7.7837e-06,2.8958e-07,1.9253e-06,6.148e-06,-7.7837e-06,-2.8958e-07,-1.9253e-06,109.65,1.1464e-07,0.081627,0.021354,-14.808,0.10808,-0.004673,-0.10247,-0.0043956,0.0017771,0.27509,0.1557,-0.11607,-0.059443,0.072211,-2.2441e-07,0.57738,0,0
2.6874e-08,0.0039451,16497,90556,9687.2,5455.4,1.5972e+05,3060.3,15979,1.468e+05,0.058684,-0.087565,-0.085109,-0.084558,-0.084442,-0,9.0516e-07,0,0.0006474,-0.0019489,0.0012945,6.6188e-09,-0.087466,0.00018175,11.626,-14.78,-0.00089903,0.00504,1,0.0020886,0.024704,3.8205e-05,0.036785,0.0027375,-0.12231,0.014246,0.0432,0.02652,0.14527,0.36867,0.009573,0.014468,-98.176,1.8015e-05,0.00063762,0.32336,2.0035e-06,-90.03,0.023333,0.023333,14.78,0.00089903,-0.00504,1,0.029,0.0085532,0.0043013,1.465e-06,0.022356,0.0025298,0.00055734,0,0.012377,3878.1,-3502.8,0.019653,-0.018966,6.1026e-08,0.0010068,0.0055263,0.00059117,0.00033292,0.0042922,8.2242e-05,0.00042942,3072,0.00018175,0.11113,0.1095,-5.2087,0.36683,0.09573,1e+05,0.093151,0.10119,-34.768,0.19653,0.1593,0.21679,0.30056,2.0035e-05,4.8465e-11,7.6021e-06,2.866e-07,1.8103e-06,6.0784e-06,-7.6021e-06,-2.866e-07,-1.8103e-06,109.1,2.8846e-08,0.080481,0.021929,-14.225,0.082817,-0.004533,-0.10271,-0.0040831,0.00177,0.23202,0.15531,-0.11415,-0.059338,0.071324,-2.127e-07,0.59392,0,0
2.6873e-08,0.003945,16499,90555,9687.6,5457,1.5972e+05,3060.2,15978,1.468e+05,0.058681,-0.087566,-0.085102,-0.084551,-0.084442,-0,8.5071e-07,0,0.00064743,-0.0019489,0.0012946,6.5844e-09,-0.087451,0.00018174,11.626,-14.663,-0.00096834,0.0051719,1,0.0020854,0.025288,4.0323e-05,0.037197,0.0027467,-0.12225,0.014251,0.0432,0.026213,0.1454,0.36973,0.0095656,0.014209,-98.168,1.8337e-05,0.00064735,0.32504,2.0032e-06,-90.015,0.024175,0.024175,14.663,0.00096834,-0.0051719,1,0.029,0.0087693,0.0042953,1.4618e-06,0.022341,0.0025306,0.00055641,0,0.012359,3872.5,-3499.4,0.019909,-0.018962,6.1027e-08,0.0010069,0.0055263,0.0005912,0.00033302,0.0042921,8.2238e-05,0.00042939,3073.8,0.00018175,0.11245,0.10987,-5.4377,0.36812,0.095656,1e+05,0.093087,0.10122,-34.764,0.19909,0.15743,0.21581,0.30173,2.0032e-05,4.7372e-11,7.4271e-06,2.8356e-07,1.7014e-06,6.0093e-06,-7.4271e-06,-2.8356e-07,-1.7014e-06,108.54,-4.5555e-08,0.079339,0.022501,-13.536,0.072719,-0.0043937,-0.10285,-0.0037722,0.0017633,0.20055,0.15492,-0.11225,-0.059217,0.070435,-2.0107e-07,0.61045,0,0
2.6873e-08,0.0039449,16501,90554,9687.9,5458.5,1.5972e+05,3060.1,15978,1.468e+05,0.058678,-0.087566,-0.085094,-0.084545,-0.084443,-0,7.9916e-07,0,0.00064745,-0.0019488,0.0012946,6.5501e-09,-0.087435,0.00018173,11.626,-14.553,-0.0010365,0.0053034,1,0.0020824,0.02587,4.2513e-05,0.037604,0.0027561,-0.12218,0.014258,0.0432,0.025921,0.14551,0.37087,0.0095585,0.013962,-98.16,1.8649e-05,0.00065678,0.3267,2.0029e-06,-90,0.025025,0.025025,14.553,0.0010365,-0.0053034,1,0.029,0.0089873,0.0042899,1.4588e-06,0.022326,0.0025313,0.00055556,0,0.012341,3867.4,-3496.4,0.020165,-0.018959,6.1027e-08,0.001007,0.0055263,0.00059123,0.00033312,0.004292,8.2233e-05,0.00042936,3075.6,0.00018174,0.11376,0.11025,-5.6559,0.3693,0.095585,1e+05,0.093027,0.10125,-34.761,0.20165,0.15559,0.21483,0.30289,2.0029e-05,4.6317e-11,7.2586e-06,2.805e-07,1.5983e-06,5.9408e-06,-7.2586e-06,-2.805e-07,-1.5983e-06,107.99,-1.1021e-07,0.078204,0.023071,-12.877,0.07039,-0.004255,-0.10297,-0.0034629,0.0017571,0.1754,0.15453,-0.11037,-0.059081,0.069545,-1.8955e-07,0.62699,0,0
2.6872e-08,0.0039448,16503,90553,9688.2,5460.1,1.5972e+05,3060,15977,1.468e+05,0.058676,-0.087566,-0.085087,-0.084539,-0.084443,-0,7.5035e-07,0,0.00064748,-0.0019488,0.0012947,6.516e-09,-0.08742,0.00018173,11.626,-14.447,-0.0011034,0.0054345,1,0.0020794,0.026449,4.4775e-05,0.038006,0.0027658,-0.12211,0.014266,0.0432,0.025642,0.14563,0.37206,0.0095515,0.013727,-98.152,1.8953e-05,0.00066591,0.32834,2.0026e-06,-89.985,0.025882,0.025882,14.447,0.0011034,-0.0054345,1,0.029,0.0092071,0.0042849,1.4563e-06,0.022313,0.002532,0.00055478,0,0.012325,3862.6,-3493.8,0.020421,-0.018956,6.1028e-08,0.0010071,0.0055263,0.00059125,0.00033322,0.0042919,8.2228e-05,0.00042934,3077.4,0.00018174,0.11504,0.11063,-5.8641,0.37047,0.095515,1e+05,0.092972,0.10128,-34.758,0.20421,0.15378,0.21385,0.30403,2.0026e-05,4.53e-11,7.0961e-06,2.7741e-07,1.5007e-06,5.8728e-06,-7.0961e-06,-2.7741e-07,-1.5007e-06,107.44,-1.6653e-07,0.077077,0.023639,-12.309,0.071286,-0.004117,-0.10309,-0.003155,0.0017514,0.15319,0.15414,-0.10852,-0.058931,0.068654,-1.7817e-07,0.64353,0,0
2.6871e-08,0.0039447,16504,90552,9688.5,5461.6,1.5972e+05,3059.9,15977,1.468e+05,0.058673,-0.087567,-0.08508,-0.084533,-0.084443,-0,7.0414e-07,0,0.00064751,-0.0019488,0.0012947,6.482e-09,-0.087405,0.00018172,11.627,-14.346,-0.0011691,0.0055652,1,0.0020765,0.027026,4.7112e-05,0.038402,0.0027757,-0.12203,0.014274,0.0432,0.025375,0.14577,0.37328,0.0095449,0.013501,-98.144,1.9249e-05,0.0006748,0.32997,2.0023e-06,-89.97,0.026745,0.026745,14.346,0.0011691,-0.0055652,1,0.029,0.0094286,0.0042803,1.454e-06,0.022301,0.0025327,0.00055408,0,0.012311,3858.3,-3491.6,0.020675,-0.018953,6.1029e-08,0.0010072,0.0055263,0.00059128,0.00033331,0.0042918,8.2224e-05,0.00042931,3079.2,0.00018174,0.11631,0.11103,-6.0637,0.37166,0.095449,1e+05,0.092922,0.10131,-34.756,0.20675,0.152,0.21288,0.30516,2.0023e-05,4.4318e-11,6.9394e-06,2.7432e-07,1.4083e-06,5.8054e-06,-6.9394e-06,-2.7432e-07,-1.4083e-06,106.89,-2.1569e-07,0.075956,0.024204,-11.845,0.072805,-0.0039797,-0.10324,-0.0028486,0.0017461,0.13192,0.15376,-0.10669,-0.058766,0.067762,-1.6695e-07,0.66006,0,0
2.6869e-08,0.0039444,16508,90550,9689.1,5465.2,1.5972e+05,3059.7,15976,1.468e+05,0.058667,-0.087568,-0.085063,-0.084521,-0.084444,-0,6.0258e-07,0,0.00064757,-0.0019487,0.0012949,6.4007e-09,-0.087369,0.0001817,11.627,-14.117,-0.0013229,0.0058786,1,0.0020699,0.028408,5.3055e-05,0.039332,0.0028005,-0.12183,0.014292,0.0432,0.024766,0.14615,0.37625,0.0095296,0.012987,-98.125,1.9943e-05,0.00069553,0.33381,2.0017e-06,-89.935,0.028852,0.028852,14.117,0.0013229,-0.0058786,1,0.029,0.0099702,0.0042713,1.4498e-06,0.022278,0.0025345,0.00055268,0,0.012282,3849.7,-3487.6,0.021287,-0.018948,6.1031e-08,0.0010075,0.0055263,0.00059133,0.00033354,0.0042915,8.2213e-05,0.00042926,3083.4,0.00018173,0.11928,0.11202,-6.5182,0.37458,0.095296,1e+05,0.092823,0.10138,-34.752,0.21287,0.14783,0.21054,0.30782,2.0017e-05,4.2086e-11,6.5836e-06,2.6689e-07,1.2052e-06,5.6453e-06,-6.5836e-06,-2.6689e-07,-1.2052e-06,105.57,-3.1025e-07,0.07328,0.025554,-11.03,0.075013,-0.003651,-0.10365,-0.0021154,0.0017354,0.080908,0.15283,-0.10236,-0.058313,0.065608,-1.4058e-07,0.69996,0,0
2.6868e-08,0.0039442,16512,90547,9689.5,5468.7,1.5972e+05,3059.5,15975,1.468e+05,0.058661,-0.087569,-0.085047,-0.08451,-0.084445,-0,5.1368e-07,0,0.00064762,-0.0019486,0.001295,6.3203e-09,-0.087333,0.00018168,11.627,-13.902,-0.00147,0.0061895,1,0.0020639,0.029772,5.944e-05,0.040229,0.0028266,-0.12161,0.014304,0.0432,0.024193,0.14656,0.37906,0.0095157,0.012504,-98.106,2.062e-05,0.00071565,0.33755,2.0012e-06,-89.9,0.030986,0.030986,13.902,0.00147,-0.0061895,1,0.029,0.010521,0.0042649,1.4474e-06,0.022261,0.0025362,0.0005517,0,0.012262,3843.5,-3485.5,0.021895,-0.018946,6.1032e-08,0.0010078,0.0055263,0.00059137,0.00033376,0.0042912,8.2203e-05,0.00042922,3087.6,0.00018171,0.12215,0.11307,-6.9457,0.37749,0.095157,1e+05,0.092753,0.10145,-34.75,0.21895,0.14383,0.20823,0.31039,2.0012e-05,4.0031e-11,6.2564e-06,2.5955e-07,1.0274e-06,5.4886e-06,-6.2564e-06,-2.5955e-07,-1.0274e-06,104.27,-3.7955e-07,0.070641,0.026885,-10.484,0.070718,-0.0033262,-0.10408,-0.0013908,0.0017273,0.026117,0.15192,-0.098164,-0.057786,0.063456,-1.1528e-07,0.73986,0,0
2.6866e-08,0.003944,16516,90545,9689.9,5472.1,1.5972e+05,3059.3,15975,1.468e+05,0.058655,-0.08757,-0.085031,-0.084501,-0.084446,-0,4.3589e-07,0,0.00064768,-0.0019485,0.0012951,6.2409e-09,-0.087298,0.00018166,11.627,-13.698,-0.0016104,0.006498,1,0.0020585,0.031114,6.6274e-05,0.041091,0.0028541,-0.12136,0.014305,0.0432,0.023646,0.14692,0.3816,0.0095031,0.012042,-98.087,2.1289e-05,0.0007354,0.34119,2.0008e-06,-89.865,0.033139,0.033139,13.698,0.0016104,-0.006498,1,0.029,0.011082,0.0042612,1.4468e-06,0.022251,0.0025379,0.00055113,0,0.01225,3839.8,-3485.6,0.022499,-0.018946,6.1034e-08,0.001008,0.0055263,0.00059141,0.00033398,0.004291,8.2192e-05,0.00042918,3091.7,0.0001817,0.12492,0.11416,-7.3536,0.38019,0.095031,1e+05,0.092712,0.10152,-34.75,0.22499,0.13999,0.20593,0.31288,2.0008e-05,3.8134e-11,5.9549e-06,2.5236e-07,8.7178e-07,5.3355e-06,-5.9549e-06,-2.5236e-07,-8.7178e-07,102.99,-4.3105e-07,0.068036,0.028194,-10.001,0.063626,-0.0030051,-0.10446,-0.00067532,0.0017218,-0.030434,0.151,-0.094095,-0.057193,0.061309,-9.1081e-08,0.77976,0,0
2.6865e-08,0.0039438,16519,90543,9690.2,5475.4,1.5972e+05,3059.1,15974,1.468e+05,0.05865,-0.087571,-0.085015,-0.084493,-0.084446,-0,3.6788e-07,0,0.00064773,-0.0019485,0.0012952,6.1625e-09,-0.087263,0.00018164,11.628,-13.505,-0.0017442,0.006804,1,0.0020536,0.032434,7.3562e-05,0.041919,0.0028829,-0.1211,0.014298,0.0432,0.023124,0.1472,0.3839,0.0094917,0.011602,-98.069,2.1949e-05,0.0007548,0.34473,2.0004e-06,-89.831,0.035304,0.035304,13.505,0.0017442,-0.006804,1,0.029,0.011651,0.00426,1.4479e-06,0.022248,0.0025396,0.00055097,0,0.012246,3838.4,-3487.8,0.0231,-0.018948,6.1035e-08,0.0010082,0.0055263,0.00059144,0.00033419,0.0042908,8.2182e-05,0.00042915,3095.8,0.00018168,0.12758,0.11532,-7.7431,0.38262,0.094917,1e+05,0.092699,0.10159,-34.752,0.231,0.13632,0.20366,0.31529,2.0004e-05,3.638e-11,5.6763e-06,2.4532e-07,7.3575e-07,5.1859e-06,-5.6763e-06,-2.4532e-07,-7.3575e-07,101.72,-4.6952e-07,0.065473,0.029477,-9.5082,0.057602,-0.0026877,-0.10475,3.0904e-05,0.0017189,-0.086058,0.1501,-0.090151,-0.056539,0.059172,-6.7957e-08,0.81966,0,0
2.6863e-08,0.0039436,16522,90541,9690.4,5478.6,1.5972e+05,3058.9,15974,1.468e+05,0.058645,-0.087572,-0.085,-0.084487,-0.084447,-0,3.0846e-07,0,0.00064777,-0.0019484,0.0012953,6.0851e-09,-0.087229,0.00018162,11.628,-13.321,-0.0018715,0.0071076,1,0.0020493,0.033727,8.131e-05,0.042715,0.0029129,-0.12083,0.014284,0.0432,0.022628,0.14741,0.386,0.0094816,0.011182,-98.051,2.2598e-05,0.00077376,0.34818,2.0002e-06,-89.797,0.037473,0.037473,13.321,0.0018715,-0.0071076,1,0.029,0.012229,0.0042614,1.4508e-06,0.022251,0.0025413,0.00055121,0,0.012251,3839.4,-3492.1,0.023697,-0.018954,6.1037e-08,0.0010085,0.0055263,0.00059147,0.00033439,0.0042905,8.2173e-05,0.00042912,3099.8,0.00018166,0.13014,0.11652,-8.1137,0.38482,0.094816,1e+05,0.092715,0.10165,-34.757,0.23697,0.1328,0.20142,0.3176,2.0002e-05,3.4753e-11,5.4184e-06,2.3845e-07,6.1691e-07,5.0399e-06,-5.4184e-06,-2.3845e-07,-6.1691e-07,100.47,-4.9812e-07,0.062958,0.030733,-9.0344,0.053085,-0.0023741,-0.10498,0.0007277,0.0017186,-0.14034,0.1492,-0.08633,-0.055831,0.057048,-4.5877e-08,0.85956,0,0
2.6859e-08,0.0039429,16532,90535,9690.8,5488.9,1.5972e+05,3058.3,15974,1.468e+05,0.058629,-0.087576,-0.084951,-0.08447,-0.08445,-0,1.5295e-07,0,0.00064792,-0.0019483,0.0012956,5.8279e-09,-0.087115,0.00018154,11.629,-12.766,-0.0022606,0.0081281,1,0.0020385,0.037942,0.00011138,0.045201,0.0030246,-0.1198,0.014193,0.0432,0.021096,0.14779,0.39185,0.0094563,0.0098895,-97.99,2.4732e-05,0.00083548,0.35927,2e-06,-89.685,0.044855,0.044855,12.766,0.0022606,-0.0081281,1,0.029,0.014263,0.0042847,1.4737e-06,0.022313,0.0025472,0.00055496,0,0.012325,3860,-3522.3,0.025713,-0.018989,6.1041e-08,0.0010092,0.0055264,0.00059154,0.00033505,0.0042898,8.2142e-05,0.00042906,3113.3,0.00018159,0.13818,0.12099,-9.2568,0.39102,0.094563,1e+05,0.092971,0.10189,-34.788,0.25713,0.12183,0.19399,0.32491,2e-05,2.9938e-11,4.6569e-06,2.1616e-07,3.0589e-07,4.5672e-06,-4.6569e-06,-2.1616e-07,-3.0589e-07,96.31,-5.5289e-07,0.054751,0.034806,-7.6524,0.037599,-0.0013282,-0.10542,0.0030404,0.001736,-0.32327,0.14616,-0.074137,-0.053088,0.049932,2.2404e-08,0.99605,0,0
2.6855e-08,0.0039423,16541,90530,9690.7,5498.3,1.5972e+05,3057.7,15976,1.468e+05,0.058616,-0.08758,-0.084907,-0.084461,-0.084453,-0,5.7031e-08,0,0.00064804,-0.0019481,0.0012959,5.5823e-09,-0.087007,0.00018147,11.63,-12.308,-0.002581,0.0091212,1,0.0020336,0.041786,0.00014698,0.047347,0.0031496,-0.11871,0.014057,0.0432,0.019795,0.14775,0.39603,0.009445,0.0087911,-97.932,2.6719e-05,0.00089213,0.36934,2.0007e-06,-89.579,0.051992,0.051992,12.308,0.002581,-0.0091212,1,0.029,0.016376,0.0043364,1.5169e-06,0.022448,0.0025533,0.00056318,0,0.012489,3906.4,-3576,0.027687,-0.019053,6.1045e-08,0.0010098,0.0055264,0.00059157,0.00033564,0.0042892,8.2114e-05,0.00042903,3126.2,0.00018151,0.14515,0.12598,-10.228,0.39544,0.09445,1e+05,0.093534,0.10213,-34.844,0.27687,0.11244,0.18696,0.33126,2.0007e-05,2.6103e-11,4.0531e-06,1.9576e-07,1.1406e-07,4.1348e-06,-4.0531e-06,-1.9576e-07,-1.1406e-07,92.338,-5.598e-07,0.047261,0.038489,-6.5268,0.026782,-0.00032383,-0.10544,0.0052377,0.0017816,-0.50126,0.14319,-0.063295,-0.04998,0.043132,8.0177e-08,1.1325,0,0
2.6852e-08,0.0039418,16549,90525,9690.3,5506.8,1.5972e+05,3057.1,15977,1.468e+05,0.058604,-0.087583,-0.084867,-0.084456,-0.084456,-0,8.7507e-11,0,0.00064814,-0.001948,0.0012961,5.3481e-09,-0.086904,0.00018139,11.632,-11.934,-0.0028383,0.010087,1,0.0020345,0.045234,0.00018809,0.049184,0.0032864,-0.11761,0.013896,0.0432,0.018685,0.14742,0.39891,0.0094471,0.0078545,-97.877,2.8555e-05,0.00094384,0.37848,2.0021e-06,-89.477,0.058712,0.058712,11.934,0.0028383,-0.010087,1,0.029,0.018554,0.0044153,1.5808e-06,0.022653,0.0025595,0.00057576,0,0.01274,3977.9,-3652.6,0.029622,-0.019144,6.1048e-08,0.0010103,0.0055264,0.00059157,0.00033618,0.0042887,8.2088e-05,0.00042902,3138.5,0.00018144,0.15116,0.13145,-11.056,0.39851,0.094471,1e+05,0.094389,0.10238,-34.925,0.29622,0.10444,0.18037,0.33672,2.0021e-05,2.2983e-11,3.5639e-06,1.7718e-07,1.7501e-10,3.7409e-06,-3.5639e-06,-1.7718e-07,-1.7501e-10,88.548,-5.4275e-07,0.040546,0.04176,-5.5825,0.018365,0.00064038,-0.10516,0.0073165,0.0018543,-0.67478,0.14029,-0.053734,-0.046678,0.036743,1.2872e-07,1.269,0,0
2.6849e-08,0.0039413,16556,90521,9689.7,5514.5,1.5972e+05,3056.6,15979,1.468e+05,0.058594,-0.087586,-0.08483,-0.084455,-0.084459,-0,-3.2455e-08,0,0.00064823,-0.0019479,0.0012963,5.1248e-09,-0.086805,0.00018132,11.633,-11.632,-0.0030387,0.011028,1,0.002041,0.048287,0.00023458,0.05075,0.0034336,-0.11655,0.013724,0.0432,0.017737,0.14691,0.40081,0.0094621,0.0070543,-97.823,3.0239e-05,0.00099076,0.38678,2.0042e-06,-89.38,0.064905,0.064905,11.632,0.0030387,-0.011028,1,0.029,0.020783,0.0045208,1.6663e-06,0.022925,0.002566,0.00059264,0,0.013076,4073.4,-3751.5,0.031518,-0.019261,6.1051e-08,0.0010107,0.0055265,0.00059157,0.00033667,0.0042883,8.2065e-05,0.00042902,3150.3,0.00018137,0.15629,0.13734,-11.763,0.40055,0.094621,1e+05,0.09552,0.10264,-35.028,0.31518,0.097659,0.17423,0.34134,2.0042e-05,2.0385e-11,3.1579e-06,1.6028e-07,-6.491e-08,3.3831e-06,-3.1579e-06,-1.6028e-07,6.491e-08,84.933,-5.1403e-07,0.034613,0.044619,-4.7698,0.011957,0.0015657,-0.1047,0.0092754,0.0019532,-0.84372,0.13745,-0.045366,-0.043318,0.030825,1.6925e-07,1.4055,0,0
2.6849e-08,0.0039413,16556,90521,9689.7,5514.5,1.5972e+05,3056.6,15979,1.468e+05,0.058594,-0.087586,-0.08483,-0.084455,-0.084459,-0,-3.2455e-08,0,0.00064823,-0.0019479,0.0012963,5.1248e-09,-0.086805,0.00018132,11.633,-11.632,-0.0030387,0.011028,1,0.002041,0.048287,0.00023458,0.05075,0.0034336,-0.11655,0.013724,0.0432,0.017737,0.14691,0.40081,0.0094621,0.0070543,-97.823,3.0239e-05,0.00099076,0.38678,2.0042e-06,-89.38,0.064905,0.064905,11.632,0.0030387,-0.011028,1,0.029,0.020783,0.0045208,1.6663e-06,0.022925,0.002566,0.00059264,0,0.013076,4073.4,-3751.5,0.031518,-0.019261,6.1051e-08,0.0010107,0.0055265,0.00059157,0.00033667,0.0042883,8.2065e-05,0.00042902,3150.3,0.00018137,0.15629,0.13734,-11.763,0.40055,0.094621,1e+05,0.09552,0.10264,-35.028,0.31518,0.097659,0.17423,0.34134,2.0042e-05,2.0385e-11,3.1579e-06,1.6028e-07,-6.491e-08,3.3831e-06,-3.1579e-06,-1.6028e-07,6.491e-08,84.933,-5.1403e-07,0.034613,0.044619,-4.7698,0.011957,0.0015657,-0.1047,0.0092754,0.0019532,-0.84372,0.13745,-0.045366,-0.043318,0.030825,1.6925e-07,1.4055,0,0
